model,env,operator,measure,mean,ci_lo,ci_hi,n,n_clusters,dz,p,family,label,params_b,log_params
llama3.2-1b,toolshed,arg_typo,G,-8.583455499494448,-11.727519809361548,-5.789260711759562,8,8,-1.8836062722392397,0.0005,Llama-3.2,Llama-3.2-1B,1.236,9.092018470752796
llama3.2-1b,toolshed,arg_typo,copy,5.9361231059301645,3.4833662159799132,8.794717756775205,8,8,1.3982683640748776,0.0005,Llama-3.2,Llama-3.2-1B,1.236,9.092018470752796
llama3.2-1b,toolshed,arg_typo,sem,2.647332393564284,-0.2637040147325024,5.927631198428571,8,8,0.5416448588691608,0.082,Llama-3.2,Llama-3.2-1B,1.236,9.092018470752796
llama3.2-1b,toolshed,date_format,G,-16.343511512503028,-20.809103291481733,-10.976986646652222,4,4,-2.6844834995267877,0.0005,Llama-3.2,Llama-3.2-1B,1.236,9.092018470752796
llama3.2-1b,toolshed,date_format,copy,15.528699785470963,11.267800644040108,18.391733095049858,4,4,3.681977065229673,0.0005,Llama-3.2,Llama-3.2-1B,1.236,9.092018470752796
llama3.2-1b,toolshed,date_format,sem,0.8148117270320654,-1.2314878702163696,2.8611113242805004,4,4,0.34355308434690063,0.602,Llama-3.2,Llama-3.2-1B,1.236,9.092018470752796
llama3.2-1b,toolshed,drop_arg,G,-8.96166443824768,-14.981578826904297,-1.0539219379425049,3,3,-1.252824355509299,0.0005,Llama-3.2,Llama-3.2-1B,1.236,9.092018470752796
llama3.2-1b,toolshed,drop_arg,copy,5.343173613150914,0.37849053740501404,11.73478102684021,3,3,0.9194834714088966,0.0005,Llama-3.2,Llama-3.2-1B,1.236,9.092018470752796
llama3.2-1b,toolshed,drop_arg,sem,3.618490825096766,0.6754314005374908,6.933243274688721,3,3,1.1503997650960995,0.0005,Llama-3.2,Llama-3.2-1B,1.236,9.092018470752796
llama3.2-1b,toolshed,hallucinated_entity,G,-18.604638213912647,-22.330979163448017,-14.69334945778053,6,6,-3.3146058623885626,0.0005,Llama-3.2,Llama-3.2-1B,1.236,9.092018470752796
llama3.2-1b,toolshed,hallucinated_entity,copy,18.698209668199222,14.367849205931028,22.967883591850597,6,6,3.2427452518922615,0.0005,Llama-3.2,Llama-3.2-1B,1.236,9.092018470752796
llama3.2-1b,toolshed,hallucinated_entity,sem,-0.09357145428657532,-2.126499662796656,2.2497152288754783,6,6,-0.03148567273208571,0.912,Llama-3.2,Llama-3.2-1B,1.236,9.092018470752796
llama3.2-1b,toolshed,name_for_email,G,-12.529837767283121,-14.490280628204346,-11.289594173431396,3,3,-7.295013029502156,0.0005,Llama-3.2,Llama-3.2-1B,1.236,9.092018470752796
llama3.2-1b,toolshed,name_for_email,copy,5.423818270365397,2.8346710205078125,8.350514888763428,3,3,1.9556769671933325,0.0005,Llama-3.2,Llama-3.2-1B,1.236,9.092018470752796
llama3.2-1b,toolshed,name_for_email,sem,7.106019496917725,6.139765739440918,8.97496747970581,3,3,4.389497951577473,0.0005,Llama-3.2,Llama-3.2-1B,1.236,9.092018470752796
llama3.2-1b,toolshed,tool_typo,G,-11.038996919989586,-15.388024239490429,-7.499200890461604,6,6,-2.014196077051545,0.0005,Llama-3.2,Llama-3.2-1B,1.236,9.092018470752796
llama3.2-1b,toolshed,tool_typo,copy,5.783297436932723,1.418683943649133,9.891763141502912,6,6,1.0226011518642821,0.005,Llama-3.2,Llama-3.2-1B,1.236,9.092018470752796
llama3.2-1b,toolshed,tool_typo,sem,5.255699483056863,1.671378057450056,10.371151190251112,6,6,0.8271243056915505,0.0005,Llama-3.2,Llama-3.2-1B,1.236,9.092018470752796
llama3.2-1b,toolshed,type_swap,G,-3.209142416715622,-4.026507019996643,-2.2675478160381317,4,4,-3.2058921846313964,0.0005,Llama-3.2,Llama-3.2-1B,1.236,9.092018470752796
llama3.2-1b,toolshed,type_swap,copy,0.04935403416554133,-1.7296209707856178,1.6497960537672043,3,3,0.029087090895424283,0.717,Llama-3.2,Llama-3.2-1B,1.236,9.092018470752796
llama3.2-1b,toolshed,type_swap,sem,3.082475148141384,2.643659070134163,3.6059906855225563,3,3,6.33309651101678,0.0005,Llama-3.2,Llama-3.2-1B,1.236,9.092018470752796
qwen2.5-0.5b,coderepair,drop_negation,G,-68.39405015323844,-97.02812699851181,-38.780805946354356,7,7,-1.6128622192544964,0.0005,Qwen2.5,Qwen2.5-0.5B,0.494,8.693726948923647
qwen2.5-0.5b,coderepair,drop_negation,copy,68.70743822412831,38.9135306434972,97.14571140280792,7,7,1.6371451966240467,0.0005,Qwen2.5,Qwen2.5-0.5B,0.494,8.693726948923647
qwen2.5-0.5b,coderepair,drop_negation,sem,-0.3133880708898817,-1.6460392821047987,0.7848234559808459,7,7,-0.17425247747730163,0.549,Qwen2.5,Qwen2.5-0.5B,0.494,8.693726948923647
qwen2.5-0.5b,coderepair,drop_return,G,-62.58670537386622,-96.23287294251578,-34.68465327237334,7,7,-1.3854048643414412,0.0005,Qwen2.5,Qwen2.5-0.5B,0.494,8.693726948923647
qwen2.5-0.5b,coderepair,drop_return,copy,64.15585974710328,36.37101135935102,97.53179107819285,7,7,1.4004592124482815,0.0005,Qwen2.5,Qwen2.5-0.5B,0.494,8.693726948923647
qwen2.5-0.5b,coderepair,drop_return,sem,-1.569154373237065,-3.5375812696559086,0.4672693525041853,7,7,-0.5302372537492162,0.11,Qwen2.5,Qwen2.5-0.5B,0.494,8.693726948923647
qwen2.5-0.5b,coderepair,flip_arith,G,-51.999296120234895,-67.58638032163893,-36.70022603566094,7,7,-2.28489002737342,0.0005,Qwen2.5,Qwen2.5-0.5B,0.494,8.693726948923647
qwen2.5-0.5b,coderepair,flip_arith,copy,54.907426574400496,39.41783425517913,71.04598747837755,7,7,2.409314144617162,0.0005,Qwen2.5,Qwen2.5-0.5B,0.494,8.693726948923647
qwen2.5-0.5b,coderepair,flip_arith,sem,-2.908130454165595,-4.622613204377038,-1.360642240515781,7,7,-1.2105874234604688,0.0005,Qwen2.5,Qwen2.5-0.5B,0.494,8.693726948923647
qwen2.5-0.5b,coderepair,flip_bool,G,-55.71304164188249,-83.23373150149627,-33.15938400945494,7,7,-1.4891656252409455,0.0005,Qwen2.5,Qwen2.5-0.5B,0.494,8.693726948923647
qwen2.5-0.5b,coderepair,flip_bool,copy,56.983099430799484,35.46946873004947,83.4394419831889,7,7,1.5879272302783434,0.0005,Qwen2.5,Qwen2.5-0.5B,0.494,8.693726948923647
qwen2.5-0.5b,coderepair,flip_bool,sem,-1.2700577889169966,-2.6810917647821566,-0.031170930181230818,7,7,-0.6507287619460347,0.045,Qwen2.5,Qwen2.5-0.5B,0.494,8.693726948923647
qwen2.5-0.5b,coderepair,flip_comparison,G,-76.79723495032106,-96.24970172994902,-52.384609416127205,7,7,-2.3452649255741274,0.0005,Qwen2.5,Qwen2.5-0.5B,0.494,8.693726948923647
qwen2.5-0.5b,coderepair,flip_comparison,copy,78.95496892929077,53.92397744155356,99.67333595241819,7,7,2.3223151923288845,0.0005,Qwen2.5,Qwen2.5-0.5B,0.494,8.693726948923647
qwen2.5-0.5b,coderepair,flip_comparison,sem,-2.15773397896971,-4.45638773563717,0.03279853505747659,7,7,-0.6596498241791517,0.054,Qwen2.5,Qwen2.5-0.5B,0.494,8.693726948923647
qwen2.5-0.5b,coderepair,flip_comparison2,G,-86.62908343970776,-126.00583108266194,-51.101945166786514,6,6,-1.7072659885033616,0.0005,Qwen2.5,Qwen2.5-0.5B,0.494,8.693726948923647
qwen2.5-0.5b,coderepair,flip_comparison2,copy,88.02993507683277,52.13769287392497,126.82979902625084,6,6,1.759376501282929,0.0005,Qwen2.5,Qwen2.5-0.5B,0.494,8.693726948923647
qwen2.5-0.5b,coderepair,flip_comparison2,sem,-1.4008516371250153,-4.3463480869929,0.8325952589511871,6,6,-0.387769647978236,0.293,Qwen2.5,Qwen2.5-0.5B,0.494,8.693726948923647
qwen2.5-0.5b,coderepair,index_shift,G,-77.30549158155918,-104.83864124615987,-54.08394997318586,6,6,-2.202758264583313,0.0005,Qwen2.5,Qwen2.5-0.5B,0.494,8.693726948923647
qwen2.5-0.5b,coderepair,index_shift,copy,79.06175911923249,55.743115524450936,106.56448183457057,6,6,2.230937545546151,0.0005,Qwen2.5,Qwen2.5-0.5B,0.494,8.693726948923647
qwen2.5-0.5b,coderepair,index_shift,sem,-1.7562675376733143,-2.304963707923889,-1.0501417418320973,6,6,-2.0610595700827417,0.0005,Qwen2.5,Qwen2.5-0.5B,0.494,8.693726948923647
qwen2.5-0.5b,coderepair,off_by_one,G,-62.932377417882286,-78.48028087615967,-47.053755601247154,6,6,-2.8237431431121225,0.0005,Qwen2.5,Qwen2.5-0.5B,0.494,8.693726948923647
qwen2.5-0.5b,coderepair,off_by_one,copy,66.12267168362935,50.45224640766779,82.33252350489299,6,6,2.90226682161266,0.0005,Qwen2.5,Qwen2.5-0.5B,0.494,8.693726948923647
qwen2.5-0.5b,coderepair,off_by_one,sem,-3.1902942657470703,-5.680720694363117,-0.9028237064679464,6,6,-0.9335880683408996,0.0005,Qwen2.5,Qwen2.5-0.5B,0.494,8.693726948923647
qwen2.5-0.5b,coderepair,undefined_name,G,-72.4333687921365,-91.83912644783656,-57.95687817533811,6,6,-3.0671344133645575,0.0005,Qwen2.5,Qwen2.5-0.5B,0.494,8.693726948923647
qwen2.5-0.5b,coderepair,undefined_name,copy,74.5939134856065,59.477418993910156,94.58945699284475,6,6,3.016166322689596,0.0005,Qwen2.5,Qwen2.5-0.5B,0.494,8.693726948923647
qwen2.5-0.5b,coderepair,undefined_name,sem,-2.160544693470001,-4.0445173832277455,-0.5795568923155466,6,6,-0.9067047854732098,0.001,Qwen2.5,Qwen2.5-0.5B,0.494,8.693726948923647
qwen2.5-0.5b,toolshed,arg_typo,G,-5.877520288842229,-10.221778710172153,-1.121527850552678,13,13,-0.6788125783372593,0.003,Qwen2.5,Qwen2.5-0.5B,0.494,8.693726948923647
qwen2.5-0.5b,toolshed,arg_typo,copy,4.670036202869737,0.7099924083226002,8.65392866892596,13,13,0.645842137722774,0.011,Qwen2.5,Qwen2.5-0.5B,0.494,8.693726948923647
qwen2.5-0.5b,toolshed,arg_typo,sem,1.2074840859724925,-1.2252512148653085,3.758360639099886,13,13,0.2539587542472082,0.344,Qwen2.5,Qwen2.5-0.5B,0.494,8.693726948923647
qwen2.5-0.5b,toolshed,date_format,G,-18.047124037375816,-21.923500155313658,-14.554587772087409,13,13,-2.5885756350658555,0.0005,Qwen2.5,Qwen2.5-0.5B,0.494,8.693726948923647
qwen2.5-0.5b,toolshed,date_format,copy,12.583979359039894,7.627995360986544,17.555912880886055,13,13,1.3196050786287759,0.0005,Qwen2.5,Qwen2.5-0.5B,0.494,8.693726948923647
qwen2.5-0.5b,toolshed,date_format,sem,5.463144678335923,3.2327568599810967,7.976610065767398,13,13,1.1989145086015336,0.0005,Qwen2.5,Qwen2.5-0.5B,0.494,8.693726948923647
qwen2.5-0.5b,toolshed,drop_arg,G,-10.366885135380121,-12.024839845314048,-8.283947027291958,13,12,-2.9066210841127247,0.0005,Qwen2.5,Qwen2.5-0.5B,0.494,8.693726948923647
qwen2.5-0.5b,toolshed,drop_arg,copy,7.61951489173449,4.681330395117402,9.994905448208252,13,12,1.4035055500024292,0.0005,Qwen2.5,Qwen2.5-0.5B,0.494,8.693726948923647
qwen2.5-0.5b,toolshed,drop_arg,sem,2.7473702436456313,1.6825982426603636,3.8768183641583436,13,12,1.0342967669720236,0.0005,Qwen2.5,Qwen2.5-0.5B,0.494,8.693726948923647
qwen2.5-0.5b,toolshed,hallucinated_entity,G,-16.894957574370963,-21.378682292496357,-12.644826630853977,13,13,-1.9869574382313373,0.0005,Qwen2.5,Qwen2.5-0.5B,0.494,8.693726948923647
qwen2.5-0.5b,toolshed,hallucinated_entity,copy,15.136945417150855,10.699529274287991,19.65958632073866,13,13,1.765613447861514,0.0005,Qwen2.5,Qwen2.5-0.5B,0.494,8.693726948923647
qwen2.5-0.5b,toolshed,hallucinated_entity,sem,1.7580121572201068,-0.14241437144004382,3.814820804160374,13,13,0.4721197357189819,0.076,Qwen2.5,Qwen2.5-0.5B,0.494,8.693726948923647
qwen2.5-0.5b,toolshed,name_for_email,G,-10.740988863839043,-12.837677040365007,-8.720921952856912,9,9,-3.1784632293471313,0.0005,Qwen2.5,Qwen2.5-0.5B,0.494,8.693726948923647
qwen2.5-0.5b,toolshed,name_for_email,copy,5.0408236847983465,2.456420590149032,8.023609335223833,9,9,1.1079823309455445,0.0005,Qwen2.5,Qwen2.5-0.5B,0.494,8.693726948923647
qwen2.5-0.5b,toolshed,name_for_email,sem,5.700165179040697,3.6350890152984197,7.18173075152768,9,9,1.9950273582596783,0.0005,Qwen2.5,Qwen2.5-0.5B,0.494,8.693726948923647
qwen2.5-0.5b,toolshed,readonly_target,G,-37.91243666868944,-42.362770998707184,-33.881283288964866,13,13,-4.648218590229182,0.0005,Qwen2.5,Qwen2.5-0.5B,0.494,8.693726948923647
qwen2.5-0.5b,toolshed,readonly_target,copy,32.20198384156594,27.99450890393211,36.82717292859004,13,13,3.7780689738619864,0.0005,Qwen2.5,Qwen2.5-0.5B,0.494,8.693726948923647
qwen2.5-0.5b,toolshed,readonly_target,sem,5.710452827123495,5.247132671509799,6.129841221410494,13,13,6.749371859162489,0.0005,Qwen2.5,Qwen2.5-0.5B,0.494,8.693726948923647
qwen2.5-0.5b,toolshed,tool_typo,G,-9.75645599113061,-12.315868046979109,-7.364042823790359,13,10,-2.1976523070479606,0.0005,Qwen2.5,Qwen2.5-0.5B,0.494,8.693726948923647
qwen2.5-0.5b,toolshed,tool_typo,copy,4.1055072374068775,-0.7488515510835818,8.886377705519015,13,10,0.4826516881207767,0.102,Qwen2.5,Qwen2.5-0.5B,0.494,8.693726948923647
qwen2.5-0.5b,toolshed,tool_typo,sem,5.650948753723731,2.962051339969039,8.529317639966806,13,10,1.120893492795698,0.0005,Qwen2.5,Qwen2.5-0.5B,0.494,8.693726948923647
qwen2.5-0.5b,toolshed,type_swap,G,-0.7109688566281245,-3.190343693643808,1.801240301103545,13,13,-0.14606931944171114,0.603,Qwen2.5,Qwen2.5-0.5B,0.494,8.693726948923647
qwen2.5-0.5b,toolshed,type_swap,copy,-3.589191890679873,-5.913766005491981,-1.235329225859963,13,13,-0.7946815632109445,0.0005,Qwen2.5,Qwen2.5-0.5B,0.494,8.693726948923647
qwen2.5-0.5b,toolshed,type_swap,sem,4.300160747307998,-0.4200789199425624,8.928970125088322,13,13,0.4677423824597115,0.07,Qwen2.5,Qwen2.5-0.5B,0.494,8.693726948923647
qwen3-0.6b,toolshed,arg_typo,G,-9.068893082757397,-13.418827336396895,-5.491627818026415,11,11,-1.2849593039398823,0.0005,Qwen3,Qwen3-0.6B,0.596,8.775246259740236
qwen3-0.6b,toolshed,arg_typo,copy,10.641946965003047,6.012739694083046,15.579507345099803,11,11,1.2724063097518106,0.0005,Qwen3,Qwen3-0.6B,0.596,8.775246259740236
qwen3-0.6b,toolshed,arg_typo,sem,-1.5730538822456517,-6.47691261107102,3.0505116325803097,11,11,-0.1899760746684057,0.459,Qwen3,Qwen3-0.6B,0.596,8.775246259740236
qwen3-0.6b,toolshed,date_format,G,-21.954419776124674,-26.4583928230736,-16.857605796801444,9,9,-2.7493680266876415,0.0005,Qwen3,Qwen3-0.6B,0.596,8.775246259740236
qwen3-0.6b,toolshed,date_format,copy,20.524514354920637,13.853098539230674,26.234991326401683,9,9,1.9776106664098538,0.0005,Qwen3,Qwen3-0.6B,0.596,8.775246259740236
qwen3-0.6b,toolshed,date_format,sem,1.4299054212040372,-0.8440878071718746,3.590146162278122,9,9,0.3861347425774438,0.211,Qwen3,Qwen3-0.6B,0.596,8.775246259740236
qwen3-0.6b,toolshed,drop_arg,G,-22.653396050807917,-24.700372016761037,-19.293332363530578,9,9,-4.565836474866028,0.0005,Qwen3,Qwen3-0.6B,0.596,8.775246259740236
qwen3-0.6b,toolshed,drop_arg,copy,19.048280712268834,14.618726300520617,22.762965384787982,9,9,2.7911895753552898,0.0005,Qwen3,Qwen3-0.6B,0.596,8.775246259740236
qwen3-0.6b,toolshed,drop_arg,sem,3.605115338539084,1.7307811439865166,5.38437983785342,9,9,1.2046018921867716,0.0005,Qwen3,Qwen3-0.6B,0.596,8.775246259740236
qwen3-0.6b,toolshed,hallucinated_entity,G,-22.713256699003978,-26.929194402527354,-18.267560789536223,8,8,-3.492530548270553,0.0005,Qwen3,Qwen3-0.6B,0.596,8.775246259740236
qwen3-0.6b,toolshed,hallucinated_entity,copy,22.44699551301892,15.548824464378413,28.13934967466193,8,8,2.3608546664015573,0.0005,Qwen3,Qwen3-0.6B,0.596,8.775246259740236
qwen3-0.6b,toolshed,hallucinated_entity,sem,0.26626118598505855,-2.6138980838586576,3.441272945259697,8,8,0.05797066461854643,0.831,Qwen3,Qwen3-0.6B,0.596,8.775246259740236
qwen3-0.6b,toolshed,name_for_email,G,-26.34627699426242,-31.51791955743517,-21.15727244956153,7,7,-3.5103914422801306,0.0005,Qwen3,Qwen3-0.6B,0.596,8.775246259740236
qwen3-0.6b,toolshed,name_for_email,copy,17.568852626851626,11.686619873557772,22.709668815135956,7,7,2.1771107877129587,0.0005,Qwen3,Qwen3-0.6B,0.596,8.775246259740236
qwen3-0.6b,toolshed,name_for_email,sem,8.777424367410797,7.193511865500893,10.196201471611856,7,7,3.8994272353769275,0.0005,Qwen3,Qwen3-0.6B,0.596,8.775246259740236
qwen3-0.6b,toolshed,readonly_target,G,-51.925957188010216,-52.85999748855829,-51.09443036448211,8,8,-36.523721310746325,0.0005,Qwen3,Qwen3-0.6B,0.596,8.775246259740236
qwen3-0.6b,toolshed,readonly_target,copy,48.371565219547065,46.802350401213126,49.97410659385579,7,7,21.164117932881556,0.0005,Qwen3,Qwen3-0.6B,0.596,8.775246259740236
qwen3-0.6b,toolshed,readonly_target,sem,3.4369293994137218,2.628121415419238,4.239243542988386,7,7,2.8928879926364828,0.0005,Qwen3,Qwen3-0.6B,0.596,8.775246259740236
qwen3-0.6b,toolshed,tool_typo,G,-16.05968852096703,-19.853964478750797,-13.157097022049129,8,7,-2.6412381296677867,0.0005,Qwen3,Qwen3-0.6B,0.596,8.775246259740236
qwen3-0.6b,toolshed,tool_typo,copy,12.059050604817457,8.772027993062512,16.470759873677576,8,7,1.736003043576749,0.0005,Qwen3,Qwen3-0.6B,0.596,8.775246259740236
qwen3-0.6b,toolshed,tool_typo,sem,4.0006379161495715,2.6708233235403895,5.693926188512705,8,7,1.7178793807480934,0.0005,Qwen3,Qwen3-0.6B,0.596,8.775246259740236
qwen3-0.6b,toolshed,type_swap,G,-6.319119776017033,-11.77037734489495,-1.330893224711329,8,8,-0.8050627270072039,0.006,Qwen3,Qwen3-0.6B,0.596,8.775246259740236
qwen3-0.6b,toolshed,type_swap,copy,1.4714767924742773,-4.432358040298277,7.61000361799961,8,8,0.16542659628493359,0.693,Qwen3,Qwen3-0.6B,0.596,8.775246259740236
qwen3-0.6b,toolshed,type_swap,sem,4.847642983542755,4.019938854849897,5.628829653142019,8,8,3.799173531529032,0.0005,Qwen3,Qwen3-0.6B,0.596,8.775246259740236
smollm2-1.7b,toolshed,arg_typo,G,-10.033971707026163,-12.642581284046173,-8.717522382736206,3,3,-4.441471511401986,0.0005,SmolLM2,SmolLM2-1.7B,1.711,9.2332500095411
smollm2-1.7b,toolshed,arg_typo,copy,8.57589136560758,7.89805269241333,9.597866207361221,3,3,9.52193028856405,0.0005,SmolLM2,SmolLM2-1.7B,1.711,9.2332500095411
smollm2-1.7b,toolshed,arg_typo,sem,1.4580803414185841,0.5100562572479248,3.044715076684952,3,3,1.0544803116551755,0.0005,SmolLM2,SmolLM2-1.7B,1.711,9.2332500095411
smollm2-1.7b,toolshed,tool_typo,G,-12.394858322106302,-14.690042342990637,-9.8336240677163,4,4,-4.170450397619123,0.0005,SmolLM2,SmolLM2-1.7B,1.711,9.2332500095411
smollm2-1.7b,toolshed,tool_typo,copy,11.469792201649398,9.791956455912441,12.828804044052958,4,4,6.101356772719571,0.0005,SmolLM2,SmolLM2-1.7B,1.711,9.2332500095411
smollm2-1.7b,toolshed,tool_typo,sem,0.9250661204569042,-0.11937104305252433,2.5373483896255493,4,4,0.5640182750611048,0.11,SmolLM2,SmolLM2-1.7B,1.711,9.2332500095411
smollm2-135m,coderepair,drop_negation,G,-74.56229988166264,-110.10522133963448,-41.0945685199329,7,7,-1.4870351504482906,0.0005,SmolLM2,SmolLM2-135M,0.135,8.130333768495007
smollm2-135m,coderepair,drop_negation,copy,74.25710756438119,41.09172633716038,109.27132469075066,7,7,1.4947430650448765,0.0005,SmolLM2,SmolLM2-135M,0.135,8.130333768495007
smollm2-135m,coderepair,drop_negation,sem,0.3051923172814505,-0.33624170124530794,1.097147244640757,7,7,0.2811858545947821,0.39,SmolLM2,SmolLM2-135M,0.135,8.130333768495007
smollm2-135m,coderepair,drop_return,G,-73.75009524822235,-119.7627671957016,-37.82996688570295,7,7,-1.1884139559559987,0.0005,SmolLM2,SmolLM2-135M,0.135,8.130333768495007
smollm2-135m,coderepair,drop_return,copy,75.27752687249865,40.1515611410141,120.74892551515781,7,7,1.2227762585858273,0.0005,SmolLM2,SmolLM2-135M,0.135,8.130333768495007
smollm2-135m,coderepair,drop_return,sem,-1.5274316242762975,-2.526513445803097,-0.5853313543966849,7,7,-1.085068712832101,0.001,SmolLM2,SmolLM2-135M,0.135,8.130333768495007
smollm2-135m,coderepair,flip_arith,G,-66.9971131171499,-86.66953540699822,-47.74255137017796,7,7,-2.3328665353270774,0.0005,SmolLM2,SmolLM2-135M,0.135,8.130333768495007
smollm2-135m,coderepair,flip_arith,copy,68.92166074684688,49.3423684333052,88.63612479950699,7,7,2.3630605957705426,0.0005,SmolLM2,SmolLM2-135M,0.135,8.130333768495007
smollm2-135m,coderepair,flip_arith,sem,-1.9245476296969823,-3.732549896410533,-0.33399916057075824,7,7,-0.78266727472518,0.002,SmolLM2,SmolLM2-135M,0.135,8.130333768495007
smollm2-135m,coderepair,flip_bool,G,-75.20778178317207,-108.82597701890128,-49.4552081142153,7,7,-1.6800904175752331,0.0005,SmolLM2,SmolLM2-135M,0.135,8.130333768495007
smollm2-135m,coderepair,flip_bool,copy,75.24370418276105,50.05048749297857,107.53733572789601,7,7,1.7317971342650544,0.0005,SmolLM2,SmolLM2-135M,0.135,8.130333768495007
smollm2-135m,coderepair,flip_bool,sem,-0.03592239958899362,-1.0068326933043343,1.18757056082998,7,7,-0.021420763571532688,0.85,SmolLM2,SmolLM2-135M,0.135,8.130333768495007
smollm2-135m,coderepair,flip_comparison,G,-82.80114057234356,-109.02441699164254,-53.10021552230631,7,7,-1.9939865216831107,0.0005,SmolLM2,SmolLM2-135M,0.135,8.130333768495007
smollm2-135m,coderepair,flip_comparison,copy,85.36814260482788,54.41940242797136,112.16374143723928,7,7,1.983206137215449,0.0005,SmolLM2,SmolLM2-135M,0.135,8.130333768495007
smollm2-135m,coderepair,flip_comparison,sem,-2.5670020324843272,-4.05319843611547,-1.1703275497470584,7,7,-1.2258063618863277,0.0005,SmolLM2,SmolLM2-135M,0.135,8.130333768495007
smollm2-135m,coderepair,flip_comparison2,G,-109.62150577704112,-153.1962608496348,-70.84276294708252,6,6,-1.9496307194102536,0.0005,SmolLM2,SmolLM2-135M,0.135,8.130333768495007
smollm2-135m,coderepair,flip_comparison2,copy,111.50650684535503,72.93993975222111,153.65741221110025,6,6,2.0322068989885116,0.0005,SmolLM2,SmolLM2-135M,0.135,8.130333768495007
smollm2-135m,coderepair,flip_comparison2,sem,-1.8850010683139165,-3.2133182336886725,-0.4742332221319294,6,6,-1.0200101137905107,0.002,SmolLM2,SmolLM2-135M,0.135,8.130333768495007
smollm2-135m,coderepair,index_shift,G,-86.97153915961583,-121.68760520219803,-56.6452614679933,6,6,-2.006713445183358,0.0005,SmolLM2,SmolLM2-135M,0.135,8.130333768495007
smollm2-135m,coderepair,index_shift,copy,87.32402694225311,56.32365091939767,122.8496121565501,6,6,1.978162544614935,0.0005,SmolLM2,SmolLM2-135M,0.135,8.130333768495007
smollm2-135m,coderepair,index_shift,sem,-0.35248778263727826,-1.115862290064494,0.16653096526861114,6,6,-0.38769527216647415,0.277,SmolLM2,SmolLM2-135M,0.135,8.130333768495007
smollm2-135m,coderepair,off_by_one,G,-87.45337543884914,-116.63855743408203,-62.240914821624756,6,6,-2.3633659512890377,0.0005,SmolLM2,SmolLM2-135M,0.135,8.130333768495007
smollm2-135m,coderepair,off_by_one,copy,89.78881800174713,62.838895320892334,121.30718712011974,6,6,2.2681855072227526,0.0005,SmolLM2,SmolLM2-135M,0.135,8.130333768495007
smollm2-135m,coderepair,off_by_one,sem,-2.3354425628980002,-4.380524059136708,-0.4568206638097809,6,6,-0.8657261925263042,0.014,SmolLM2,SmolLM2-135M,0.135,8.130333768495007
smollm2-135m,coderepair,undefined_name,G,-77.04715205090386,-93.93489091013159,-60.85164400509426,7,7,-3.0509859371973516,0.0005,SmolLM2,SmolLM2-135M,0.135,8.130333768495007
smollm2-135m,coderepair,undefined_name,copy,79.58985276733127,63.620651168482645,96.7762432434729,7,7,3.165629041913209,0.0005,SmolLM2,SmolLM2-135M,0.135,8.130333768495007
smollm2-135m,coderepair,undefined_name,sem,-2.5427007164273943,-3.5191001977239336,-1.360985108784267,7,7,-1.582326646861808,0.0005,SmolLM2,SmolLM2-135M,0.135,8.130333768495007
smollm2-135m,toolshed,arg_typo,G,-18.979435132100033,-22.947001106463947,-14.799230249569968,13,13,-2.4130496781921433,0.0005,SmolLM2,SmolLM2-135M,0.135,8.130333768495007
smollm2-135m,toolshed,arg_typo,copy,16.439180582761765,12.824953447798123,19.965168142146783,13,13,2.431175771131384,0.0005,SmolLM2,SmolLM2-135M,0.135,8.130333768495007
smollm2-135m,toolshed,arg_typo,sem,2.5402545493382673,1.2712743513859235,3.9004232115470447,13,13,1.0029855694461183,0.0005,SmolLM2,SmolLM2-135M,0.135,8.130333768495007
smollm2-135m,toolshed,date_format,G,-23.21909073682932,-25.697844431606622,-20.397741461946424,13,13,-4.4802101975542294,0.0005,SmolLM2,SmolLM2-135M,0.135,8.130333768495007
smollm2-135m,toolshed,date_format,copy,18.377993221466358,14.397126188301124,21.924194237819087,13,13,2.510632529274643,0.0005,SmolLM2,SmolLM2-135M,0.135,8.130333768495007
smollm2-135m,toolshed,date_format,sem,4.84109751536296,3.5662534333192384,6.128581120532291,13,13,1.9892251151556222,0.0005,SmolLM2,SmolLM2-135M,0.135,8.130333768495007
smollm2-135m,toolshed,drop_arg,G,-17.254396443183605,-20.2270129966523,-13.648114641383293,13,12,-2.7444388828926183,0.0005,SmolLM2,SmolLM2-135M,0.135,8.130333768495007
smollm2-135m,toolshed,drop_arg,copy,15.321203493154966,10.877118556573986,18.736915757283565,13,12,2.0690117552528,0.0005,SmolLM2,SmolLM2-135M,0.135,8.130333768495007
smollm2-135m,toolshed,drop_arg,sem,1.9331929500286396,0.9533368138985319,3.1151682786643495,13,12,0.8559446033648229,0.0005,SmolLM2,SmolLM2-135M,0.135,8.130333768495007
smollm2-135m,toolshed,hallucinated_entity,G,-27.199440364654247,-30.472069216519593,-23.8548971753854,13,13,-4.1805353970248715,0.0005,SmolLM2,SmolLM2-135M,0.135,8.130333768495007
smollm2-135m,toolshed,hallucinated_entity,copy,26.144116699695587,22.741540445616614,29.467340574929345,13,13,3.917647741553649,0.0005,SmolLM2,SmolLM2-135M,0.135,8.130333768495007
smollm2-135m,toolshed,hallucinated_entity,sem,1.0553236649586604,0.7556493398088675,1.3703080307405728,13,13,1.839868910244852,0.0005,SmolLM2,SmolLM2-135M,0.135,8.130333768495007
smollm2-135m,toolshed,name_for_email,G,-22.329234295421177,-23.956790147887336,-20.779321176144812,9,9,-8.478259902554056,0.0005,SmolLM2,SmolLM2-135M,0.135,8.130333768495007
smollm2-135m,toolshed,name_for_email,copy,18.54585427708096,17.239530599117277,19.96713216834598,9,9,8.033856455821185,0.0005,SmolLM2,SmolLM2-135M,0.135,8.130333768495007
smollm2-135m,toolshed,name_for_email,sem,3.7833800183402166,2.265153726273113,5.205054367582001,9,9,1.5674559620302742,0.0005,SmolLM2,SmolLM2-135M,0.135,8.130333768495007
smollm2-135m,toolshed,readonly_target,G,-44.37745404701967,-46.97738073708919,-42.17353569383805,13,13,-9.65609548231988,0.0005,SmolLM2,SmolLM2-135M,0.135,8.130333768495007
smollm2-135m,toolshed,readonly_target,copy,43.8731555388524,40.94233399675443,47.11558570953516,13,13,7.5195670702094874,0.0005,SmolLM2,SmolLM2-135M,0.135,8.130333768495007
smollm2-135m,toolshed,readonly_target,sem,0.5042985081672668,-0.3078653619839595,1.2612149561826982,13,13,0.33925557813149393,0.199,SmolLM2,SmolLM2-135M,0.135,8.130333768495007
smollm2-135m,toolshed,tool_typo,G,-18.59189145381634,-22.436738656427373,-15.449717763066293,13,10,-2.9900002462660447,0.0005,SmolLM2,SmolLM2-135M,0.135,8.130333768495007
smollm2-135m,toolshed,tool_typo,copy,16.623983355668877,13.931248137752215,20.054200732166112,13,10,2.782552314241291,0.0005,SmolLM2,SmolLM2-135M,0.135,8.130333768495007
smollm2-135m,toolshed,tool_typo,sem,1.9679080981474657,-0.011497695222496966,3.834360724581137,13,10,0.5457771444444537,0.043,SmolLM2,SmolLM2-135M,0.135,8.130333768495007
smollm2-135m,toolshed,type_swap,G,-18.927656678053047,-19.61902658847662,-18.23424800450985,13,13,-14.160829706225059,0.0005,SmolLM2,SmolLM2-135M,0.135,8.130333768495007
smollm2-135m,toolshed,type_swap,copy,17.237992772689232,15.50819926210321,18.906014355845173,13,13,5.2933042524018745,0.0005,SmolLM2,SmolLM2-135M,0.135,8.130333768495007
smollm2-135m,toolshed,type_swap,sem,1.6896639053638165,0.48179748001006933,2.9205834214503925,13,13,0.675257652209921,0.009,SmolLM2,SmolLM2-135M,0.135,8.130333768495007
smollm2-360m,coderepair,drop_negation,G,-68.40808022873742,-100.23968419006893,-38.33405197667225,7,7,-1.5115940216268189,0.0005,SmolLM2,SmolLM2-360M,0.362,8.558708570533165
smollm2-360m,coderepair,drop_negation,copy,68.71754000868115,38.79506980819362,100.80085465737751,7,7,1.5103630124412104,0.0005,SmolLM2,SmolLM2-360M,0.362,8.558708570533165
smollm2-360m,coderepair,drop_negation,sem,-0.3094597799437387,-1.0529127376420158,0.4238424812044416,7,7,-0.2815908615651593,0.428,SmolLM2,SmolLM2-360M,0.362,8.558708570533165
smollm2-360m,coderepair,drop_return,G,-61.56044296707426,-95.86063586622475,-34.10437504947186,7,7,-1.3159783041533029,0.0005,SmolLM2,SmolLM2-360M,0.362,8.558708570533165
smollm2-360m,coderepair,drop_return,copy,61.44134827171053,32.45773000099829,97.8524152125631,7,7,1.2433010787541618,0.0005,SmolLM2,SmolLM2-360M,0.362,8.558708570533165
smollm2-360m,coderepair,drop_return,sem,0.11909469536372594,-1.9330654263496398,2.2816562763282198,7,7,0.0388144754223518,0.877,SmolLM2,SmolLM2-360M,0.362,8.558708570533165
smollm2-360m,coderepair,flip_arith,G,-57.98919620258467,-74.12977287599018,-43.30827997837748,7,7,-2.5749706209659484,0.0005,SmolLM2,SmolLM2-360M,0.362,8.558708570533165
smollm2-360m,coderepair,flip_arith,copy,58.30652579665184,43.472815063489335,74.00097335087398,7,7,2.5755086117614896,0.0005,SmolLM2,SmolLM2-360M,0.362,8.558708570533165
smollm2-360m,coderepair,flip_arith,sem,-0.3173295940671648,-1.2506520450115204,0.715467312506267,7,7,-0.2127372291889768,0.562,SmolLM2,SmolLM2-360M,0.362,8.558708570533165
smollm2-360m,coderepair,flip_bool,G,-58.59619344983782,-83.57412387643542,-40.3034365092005,7,7,-1.7870364481510703,0.0005,SmolLM2,SmolLM2-360M,0.362,8.558708570533165
smollm2-360m,coderepair,flip_bool,copy,59.493347108364105,40.435309468422616,85.57393439284392,7,7,1.7372815617373767,0.0005,SmolLM2,SmolLM2-360M,0.362,8.558708570533165
smollm2-360m,coderepair,flip_bool,sem,-0.8971536585262844,-2.051521360874176,-0.02545105155025297,7,7,-0.5755462837874111,0.045,SmolLM2,SmolLM2-360M,0.362,8.558708570533165
smollm2-360m,coderepair,flip_comparison,G,-72.56134088976043,-93.97575067856481,-47.31912028917245,7,7,-2.098667625465647,0.0005,SmolLM2,SmolLM2-360M,0.362,8.558708570533165
smollm2-360m,coderepair,flip_comparison,copy,73.02068353125027,47.707229086011644,94.85230198928286,7,7,2.108704865956585,0.0005,SmolLM2,SmolLM2-360M,0.362,8.558708570533165
smollm2-360m,coderepair,flip_comparison,sem,-0.4593426414898464,-1.1999928908688682,0.3200882607272688,7,7,-0.3971666295218829,0.276,SmolLM2,SmolLM2-360M,0.362,8.558708570533165
smollm2-360m,coderepair,flip_comparison2,G,-94.04435467223327,-129.86869726578394,-58.143058309952416,6,6,-1.9667374921927974,0.0005,SmolLM2,SmolLM2-360M,0.362,8.558708570533165
smollm2-360m,coderepair,flip_comparison2,copy,95.14527370035648,58.69617526729902,131.43284914890924,6,6,1.9660974229883157,0.0005,SmolLM2,SmolLM2-360M,0.362,8.558708570533165
smollm2-360m,coderepair,flip_comparison2,sem,-1.1009190281232197,-1.584331860144933,-0.6175061961015066,6,6,-1.6282811717531738,0.0005,SmolLM2,SmolLM2-360M,0.362,8.558708570533165
smollm2-360m,coderepair,index_shift,G,-72.73180486261845,-98.8586710691452,-50.66831990790864,6,6,-2.1688812760737455,0.0005,SmolLM2,SmolLM2-360M,0.362,8.558708570533165
smollm2-360m,coderepair,index_shift,copy,74.45480726659298,50.537599991882836,103.49841202795506,6,6,2.0421412758303785,0.0005,SmolLM2,SmolLM2-360M,0.362,8.558708570533165
smollm2-360m,coderepair,index_shift,sem,-1.723002403974533,-4.434628248214722,0.3947141071160634,6,6,-0.5193614744743398,0.118,SmolLM2,SmolLM2-360M,0.362,8.558708570533165
smollm2-360m,coderepair,off_by_one,G,-77.24979797502358,-100.95225377877553,-55.945985745266114,6,6,-2.50131167512238,0.0005,SmolLM2,SmolLM2-360M,0.362,8.558708570533165
smollm2-360m,coderepair,off_by_one,copy,77.06197461485863,56.064975416411954,101.26155236363411,6,6,2.468977915089264,0.0005,SmolLM2,SmolLM2-360M,0.362,8.558708570533165
smollm2-360m,coderepair,off_by_one,sem,0.18782336016496023,-0.7756512177487215,1.1363348985711716,6,6,0.14589825297008166,0.663,SmolLM2,SmolLM2-360M,0.362,8.558708570533165
smollm2-360m,coderepair,undefined_name,G,-76.74122885862987,-92.40299989456932,-63.0711307177941,6,6,-3.7734572552154404,0.0005,SmolLM2,SmolLM2-360M,0.362,8.558708570533165
smollm2-360m,coderepair,undefined_name,copy,78.3497029542923,63.830232049028076,94.62806100646655,6,6,3.6517212054529677,0.0005,SmolLM2,SmolLM2-360M,0.362,8.558708570533165
smollm2-360m,coderepair,undefined_name,sem,-1.6084740956624348,-3.5606662929058075,0.17181776960690817,6,6,-0.6321986384013522,0.084,SmolLM2,SmolLM2-360M,0.362,8.558708570533165
smollm2-360m,toolshed,arg_typo,G,-12.27361099078105,-16.370322677951595,-8.849924078239848,13,13,-1.753795816755706,0.0005,SmolLM2,SmolLM2-360M,0.362,8.558708570533165
smollm2-360m,toolshed,arg_typo,copy,10.000294978802021,6.204257310353793,13.916823358719162,13,13,1.3701810073486476,0.0005,SmolLM2,SmolLM2-360M,0.362,8.558708570533165
smollm2-360m,toolshed,arg_typo,sem,2.2733160119790297,0.9332940540061547,3.5675441503524774,13,13,0.9056782041217892,0.001,SmolLM2,SmolLM2-360M,0.362,8.558708570533165
smollm2-360m,toolshed,date_format,G,-17.28547903436881,-19.211849379940674,-15.57099303035782,13,13,-4.779814732789396,0.0005,SmolLM2,SmolLM2-360M,0.362,8.558708570533165
smollm2-360m,toolshed,date_format,copy,14.929859491494986,13.47929127663374,16.704193554474752,13,13,4.763970689775511,0.0005,SmolLM2,SmolLM2-360M,0.362,8.558708570533165
smollm2-360m,toolshed,date_format,sem,2.3556195428738227,1.4827663784989944,3.2709142714738824,13,13,1.333756011598519,0.0005,SmolLM2,SmolLM2-360M,0.362,8.558708570533165
smollm2-360m,toolshed,drop_arg,G,-15.396037844511179,-18.580640495138674,-11.508535829310619,13,12,-2.35292676232264,0.0005,SmolLM2,SmolLM2-360M,0.362,8.558708570533165
smollm2-360m,toolshed,drop_arg,copy,14.072376457544474,9.978705347453554,17.43841667384482,13,12,2.002215586679098,0.0005,SmolLM2,SmolLM2-360M,0.362,8.558708570533165
smollm2-360m,toolshed,drop_arg,sem,1.3236613869667053,0.7858888292312622,2.0206257246434687,13,12,1.143803570637236,0.0005,SmolLM2,SmolLM2-360M,0.362,8.558708570533165
smollm2-360m,toolshed,hallucinated_entity,G,-16.685395797857872,-19.100923258753923,-14.077315772324802,13,13,-3.493202185131007,0.0005,SmolLM2,SmolLM2-360M,0.362,8.558708570533165
smollm2-360m,toolshed,hallucinated_entity,copy,17.05762474811994,14.283542748941825,19.756164503670654,13,13,3.218845883532325,0.0005,SmolLM2,SmolLM2-360M,0.362,8.558708570533165
smollm2-360m,toolshed,hallucinated_entity,sem,-0.3722289502620697,-1.19869786718717,0.43067941614068445,13,13,-0.2420586548473451,0.362,SmolLM2,SmolLM2-360M,0.362,8.558708570533165
smollm2-360m,toolshed,name_for_email,G,-19.996197991900974,-22.71974007288615,-17.665495379103554,9,9,-4.736352454699028,0.0005,SmolLM2,SmolLM2-360M,0.362,8.558708570533165
smollm2-360m,toolshed,name_for_email,copy,12.216714647081163,8.181786980893877,15.811893210146161,9,9,1.9341392180024228,0.0005,SmolLM2,SmolLM2-360M,0.362,8.558708570533165
smollm2-360m,toolshed,name_for_email,sem,7.779483344819811,5.917508484919866,9.794032254483962,9,9,2.397687076798791,0.0005,SmolLM2,SmolLM2-360M,0.362,8.558708570533165
smollm2-360m,toolshed,readonly_target,G,-43.04043823939104,-44.87247366985449,-41.257817509655766,13,13,-12.527451874355322,0.0005,SmolLM2,SmolLM2-360M,0.362,8.558708570533165
smollm2-360m,toolshed,readonly_target,copy,39.72494424306429,37.57849906132772,41.98674534238302,13,13,9.524346164095933,0.0005,SmolLM2,SmolLM2-360M,0.362,8.558708570533165
smollm2-360m,toolshed,readonly_target,sem,3.31549399632674,2.6500928547519904,3.963745547143312,13,13,2.8260191881011747,0.0005,SmolLM2,SmolLM2-360M,0.362,8.558708570533165
smollm2-360m,toolshed,tool_typo,G,-13.468582719564438,-18.87688656635582,-9.040395670455126,13,10,-1.5940024116639353,0.0005,SmolLM2,SmolLM2-360M,0.362,8.558708570533165
smollm2-360m,toolshed,tool_typo,copy,10.265338333753439,6.883561266227984,14.346331223845482,13,10,1.5881761528384892,0.0005,SmolLM2,SmolLM2-360M,0.362,8.558708570533165
smollm2-360m,toolshed,tool_typo,sem,3.203244385810999,1.6739767913389336,4.923011455627588,13,10,1.1807876348779083,0.0005,SmolLM2,SmolLM2-360M,0.362,8.558708570533165
smollm2-360m,toolshed,type_swap,G,-11.241194686064354,-12.587671610884941,-9.847368656500027,13,13,-4.181149220041401,0.0005,SmolLM2,SmolLM2-360M,0.362,8.558708570533165
smollm2-360m,toolshed,type_swap,copy,9.21010432105798,8.069378821781049,10.417076256183478,13,13,3.9928310814256136,0.0005,SmolLM2,SmolLM2-360M,0.362,8.558708570533165
smollm2-360m,toolshed,type_swap,sem,2.0310903650063734,1.7274070386703197,2.325038317590952,13,13,3.49895712802068,0.0005,SmolLM2,SmolLM2-360M,0.362,8.558708570533165
