model,env,template,measure,mean,ci_lo,ci_hi,n,n_clusters,dz,p,family,label,params_b,log_params
llama3.2-1b,toolshed,archive,G,-14.473550018668174,-16.954561233520508,-12.059607867151499,5,4,-4.402805584394157,0.0005,Llama-3.2,Llama-3.2-1B,1.236,9.092018470752796
llama3.2-1b,toolshed,archive,copy,12.900427022576332,9.424338944256306,15.217819074789682,5,4,3.802200486521164,0.0005,Llama-3.2,Llama-3.2-1B,1.236,9.092018470752796
llama3.2-1b,toolshed,archive,sem,1.5731229960918427,-1.19740691781044,3.3038266450166702,5,4,0.4373777620390245,0.073,Llama-3.2,Llama-3.2-1B,1.236,9.092018470752796
llama3.2-1b,toolshed,cancel_event,G,-11.471894117072225,-22.01291438192129,-4.552323658950627,5,3,-1.320644228769555,0.0005,Llama-3.2,Llama-3.2-1B,1.236,9.092018470752796
llama3.2-1b,toolshed,cancel_event,copy,9.53216936327517,3.6847196156159043,18.902446269989014,5,3,1.216902441242787,0.0005,Llama-3.2,Llama-3.2-1B,1.236,9.092018470752796
llama3.2-1b,toolshed,cancel_event,sem,1.9397247537970543,0.8676040433347225,3.1104681119322777,5,3,1.862996396406154,0.0005,Llama-3.2,Llama-3.2-1B,1.236,9.092018470752796
llama3.2-1b,toolshed,convert,G,-14.88861428697904,-18.962125703692436,-6.741591453552246,3,2,-1.7867129376799182,0.0005,Llama-3.2,Llama-3.2-1B,1.236,9.092018470752796
llama3.2-1b,toolshed,convert,copy,9.957927366097769,5.461384624242783,12.206198737025261,3,2,1.2650662176103893,0.0005,Llama-3.2,Llama-3.2-1B,1.236,9.092018470752796
llama3.2-1b,toolshed,convert,sem,4.930686920881271,1.2802068293094635,6.755926966667175,3,2,1.2409075082107304,0.0005,Llama-3.2,Llama-3.2-1B,1.236,9.092018470752796
llama3.2-1b,toolshed,email_file,G,-13.230400991439819,-15.173660018227316,-11.20210816860199,10,5,-2.7128354965864836,0.0005,Llama-3.2,Llama-3.2-1B,1.236,9.092018470752796
llama3.2-1b,toolshed,email_file,copy,8.122310078144073,5.883899350961049,9.351254642009735,10,5,0.9426198927620787,0.0005,Llama-3.2,Llama-3.2-1B,1.236,9.092018470752796
llama3.2-1b,toolshed,email_file,sem,5.1080909132957455,3.3831769704818724,7.378084574426923,10,5,0.7696011396798982,0.0005,Llama-3.2,Llama-3.2-1B,1.236,9.092018470752796
llama3.2-1b,toolshed,schedule,G,-6.753592485189438,-9.259795654903758,-3.6904552777608237,10,5,-1.019448105101361,0.0005,Llama-3.2,Llama-3.2-1B,1.236,9.092018470752796
llama3.2-1b,toolshed,schedule,copy,5.9941353930367365,2.658890587362376,8.765670950214068,9,4,0.7400496337226812,0.0005,Llama-3.2,Llama-3.2-1B,1.236,9.092018470752796
llama3.2-1b,toolshed,schedule,sem,1.127513799402449,-0.18777161339918771,1.7851565058032672,9,4,0.600101025298475,0.0005,Llama-3.2,Llama-3.2-1B,1.236,9.092018470752796
qwen2.5-0.5b,coderepair,mbpp,G,-67.68287275681892,-76.88542688405762,-59.12866753308103,60,60,-1.939251404761342,0.0005,Qwen2.5,Qwen2.5-0.5B,0.494,8.693726948923647
qwen2.5-0.5b,coderepair,mbpp,copy,69.49829634403189,60.9182383899608,78.65255607118208,60,60,1.9923297818239463,0.0005,Qwen2.5,Qwen2.5-0.5B,0.494,8.693726948923647
qwen2.5-0.5b,coderepair,mbpp,sem,-1.8154235872129598,-2.4930095575439433,-1.2025223376726113,60,60,-0.7042765661254032,0.0005,Qwen2.5,Qwen2.5-0.5B,0.494,8.693726948923647
qwen2.5-0.5b,toolshed,archive,G,-11.566585428153093,-15.440401692077662,-8.282169348427228,13,6,-1.6875682870131523,0.0005,Qwen2.5,Qwen2.5-0.5B,0.494,8.693726948923647
qwen2.5-0.5b,toolshed,archive,copy,1.8807938669163446,-2.7018495825203983,7.179597670212388,13,6,0.23019760674760686,0.451,Qwen2.5,Qwen2.5-0.5B,0.494,8.693726948923647
qwen2.5-0.5b,toolshed,archive,sem,9.685791561236748,8.138619535973856,11.54420439004898,13,6,3.1224046332589266,0.0005,Qwen2.5,Qwen2.5-0.5B,0.494,8.693726948923647
qwen2.5-0.5b,toolshed,cancel_event,G,-11.494205036415504,-19.053023983513317,-5.043350444113215,13,7,-0.8643196389584147,0.002,Qwen2.5,Qwen2.5-0.5B,0.494,8.693726948923647
qwen2.5-0.5b,toolshed,cancel_event,copy,10.209122131077143,5.091261000082725,17.02370682475157,13,7,0.9086240544574063,0.0005,Qwen2.5,Qwen2.5-0.5B,0.494,8.693726948923647
qwen2.5-0.5b,toolshed,cancel_event,sem,1.2850829053383608,-0.07797510761560664,2.3668698325753192,13,7,0.4149188681740677,0.021,Qwen2.5,Qwen2.5-0.5B,0.494,8.693726948923647
qwen2.5-0.5b,toolshed,convert,G,-18.046881161630154,-23.4396330261603,-14.559152515569272,20,10,-1.4913944491341053,0.0005,Qwen2.5,Qwen2.5-0.5B,0.494,8.693726948923647
qwen2.5-0.5b,toolshed,convert,copy,10.018709702789783,5.9055361474967665,16.35429384721708,20,10,0.650734028310235,0.0005,Qwen2.5,Qwen2.5-0.5B,0.494,8.693726948923647
qwen2.5-0.5b,toolshed,convert,sem,8.02817145884037,6.467700127192906,9.469409380212538,20,10,1.5451139209244495,0.0005,Qwen2.5,Qwen2.5-0.5B,0.494,8.693726948923647
qwen2.5-0.5b,toolshed,email_file,G,-13.552876892543974,-15.321768375422273,-11.417667343160685,21,10,-2.1977753196242213,0.0005,Qwen2.5,Qwen2.5-0.5B,0.494,8.693726948923647
qwen2.5-0.5b,toolshed,email_file,copy,9.769614885250727,6.417879906146075,12.467369929471364,21,10,1.2686043367620345,0.0005,Qwen2.5,Qwen2.5-0.5B,0.494,8.693726948923647
qwen2.5-0.5b,toolshed,email_file,sem,3.783262007293247,2.599764120101929,5.288959290534258,21,10,1.2279769398683047,0.0005,Qwen2.5,Qwen2.5-0.5B,0.494,8.693726948923647
qwen2.5-0.5b,toolshed,roster,G,-23.93018041493801,-30.23897203637494,-20.410052222760964,13,6,-1.2031488236387193,0.0005,Qwen2.5,Qwen2.5-0.5B,0.494,8.693726948923647
qwen2.5-0.5b,toolshed,roster,copy,21.63067543048125,18.362696837295186,26.74649323357476,13,6,1.2564023353721745,0.0005,Qwen2.5,Qwen2.5-0.5B,0.494,8.693726948923647
qwen2.5-0.5b,toolshed,roster,sem,2.2995049844567594,1.473532825176205,3.5517660327255727,13,6,0.7669410976999749,0.0005,Qwen2.5,Qwen2.5-0.5B,0.494,8.693726948923647
qwen2.5-0.5b,toolshed,schedule,G,-6.730038577318192,-9.716116002729962,-3.375386866554618,20,9,-0.752777703646452,0.0005,Qwen2.5,Qwen2.5-0.5B,0.494,8.693726948923647
qwen2.5-0.5b,toolshed,schedule,copy,7.346884685754776,4.342717421368548,10.180076666383517,20,9,0.9490142243348528,0.0005,Qwen2.5,Qwen2.5-0.5B,0.494,8.693726948923647
qwen2.5-0.5b,toolshed,schedule,sem,-0.6168461084365845,-1.5080031236012776,0.17907573897302428,20,9,-0.2327066100256211,0.137,Qwen2.5,Qwen2.5-0.5B,0.494,8.693726948923647
qwen3-0.6b,toolshed,archive,G,-18.269012046667438,-23.37823635738875,-13.917301236186177,9,5,-2.2124798328463946,0.0005,Qwen3,Qwen3-0.6B,0.596,8.775246259740236
qwen3-0.6b,toolshed,archive,copy,22.01136940681479,19.049604746047407,26.086902578671772,9,5,2.7256834304827136,0.0005,Qwen3,Qwen3-0.6B,0.596,8.775246259740236
qwen3-0.6b,toolshed,archive,sem,-3.742357360147354,-5.609214168787003,-1.3211690740556352,9,5,-0.5260771625007385,0.0005,Qwen3,Qwen3-0.6B,0.596,8.775246259740236
qwen3-0.6b,toolshed,cancel_event,G,-17.19177143682133,-22.73823438750373,-11.840850569307804,11,6,-1.6528752727175502,0.0005,Qwen3,Qwen3-0.6B,0.596,8.775246259740236
qwen3-0.6b,toolshed,cancel_event,copy,14.615533754398877,10.388270791620016,19.88247690747608,11,6,1.544693181948732,0.0005,Qwen3,Qwen3-0.6B,0.596,8.775246259740236
qwen3-0.6b,toolshed,cancel_event,sem,2.5762376824224535,0.9215432976682981,3.5084198113869536,11,6,0.9029932715815471,0.0005,Qwen3,Qwen3-0.6B,0.596,8.775246259740236
qwen3-0.6b,toolshed,convert,G,-29.063158025248693,-39.26325140557252,-20.682450412859527,13,6,-1.4685292630846332,0.0005,Qwen3,Qwen3-0.6B,0.596,8.775246259740236
qwen3-0.6b,toolshed,convert,copy,24.854468545100342,15.968651348872976,36.92259849556204,12,6,1.289628709188986,0.0005,Qwen3,Qwen3-0.6B,0.596,8.775246259740236
qwen3-0.6b,toolshed,convert,sem,2.234936384639392,1.3601820519349228,3.264355891942978,12,6,1.2733662511475343,0.0005,Qwen3,Qwen3-0.6B,0.596,8.775246259740236
qwen3-0.6b,toolshed,email_file,G,-23.156126561760903,-26.85769778256277,-19.585869797494485,15,10,-2.7034458442759677,0.0005,Qwen3,Qwen3-0.6B,0.596,8.775246259740236
qwen3-0.6b,toolshed,email_file,copy,17.343161455479763,13.919449801582267,20.265893691407502,15,10,2.0716071890460532,0.0005,Qwen3,Qwen3-0.6B,0.596,8.775246259740236
qwen3-0.6b,toolshed,email_file,sem,5.812965106281141,3.3806867542469665,8.490817755176261,15,10,1.0522181820744927,0.0005,Qwen3,Qwen3-0.6B,0.596,8.775246259740236
qwen3-0.6b,toolshed,roster,G,-32.18946608569887,-39.0963319838047,-26.387592744082212,9,6,-2.279533576682048,0.0005,Qwen3,Qwen3-0.6B,0.596,8.775246259740236
qwen3-0.6b,toolshed,roster,copy,29.615500362382996,24.246950659900904,35.26456520126926,9,6,2.388680492610154,0.0005,Qwen3,Qwen3-0.6B,0.596,8.775246259740236
qwen3-0.6b,toolshed,roster,sem,2.5739657233158746,1.5995611267785232,3.793207030211176,9,6,1.028191342948943,0.0005,Qwen3,Qwen3-0.6B,0.596,8.775246259740236
qwen3-0.6b,toolshed,schedule,G,-8.490685548506338,-11.4737788279308,-4.782691185921431,11,6,-0.8503421784540925,0.0005,Qwen3,Qwen3-0.6B,0.596,8.775246259740236
qwen3-0.6b,toolshed,schedule,copy,3.527812439313328,-1.332986768707633,7.660288086355043,11,6,0.28294356261611936,0.096,Qwen3,Qwen3-0.6B,0.596,8.775246259740236
qwen3-0.6b,toolshed,schedule,sem,4.962873109193011,3.696346410683223,6.489090572344139,11,6,1.4954629648339883,0.0005,Qwen3,Qwen3-0.6B,0.596,8.775246259740236
smollm2-1.7b,toolshed,email_file,G,-15.540312913060188,-15.5711366571486,-15.417017936706543,5,2,-4.444374295534429,0.0005,SmolLM2,SmolLM2-1.7B,1.711,9.2332500095411
smollm2-1.7b,toolshed,email_file,copy,12.752373611927032,12.01099419593811,12.937718465924263,5,2,2.6914836773000217,0.0005,SmolLM2,SmolLM2-1.7B,1.711,9.2332500095411
smollm2-1.7b,toolshed,email_file,sem,2.787939301133156,2.6334181912243366,3.4060237407684326,5,2,2.081905585864711,0.0005,SmolLM2,SmolLM2-1.7B,1.711,9.2332500095411
smollm2-1.7b,toolshed,schedule,G,-9.771129474043846,-10.114235480626425,-8.741811454296112,4,2,-1.5438440587302975,0.0005,SmolLM2,SmolLM2-1.7B,1.711,9.2332500095411
smollm2-1.7b,toolshed,schedule,copy,9.731592431664467,8.231755197048187,10.23153817653656,4,2,1.3236562150305917,0.0005,SmolLM2,SmolLM2-1.7B,1.711,9.2332500095411
smollm2-1.7b,toolshed,schedule,sem,0.03953704237937927,-0.11730269591013591,0.5100562572479248,4,2,0.03450903649173741,0.479,SmolLM2,SmolLM2-1.7B,1.711,9.2332500095411
smollm2-135m,coderepair,mbpp,G,-80.95995365400783,-91.81152417554718,-70.81455457493908,61,61,-1.8980912662007405,0.0005,SmolLM2,SmolLM2-135M,0.135,8.130333768495007
smollm2-135m,coderepair,mbpp,copy,82.36218353324249,72.24889352155515,93.27561931285213,61,61,1.926690079079714,0.0005,SmolLM2,SmolLM2-135M,0.135,8.130333768495007
smollm2-135m,coderepair,mbpp,sem,-1.402229879234658,-1.9053570525934462,-0.9118707107960201,61,61,-0.7001416155711534,0.0005,SmolLM2,SmolLM2-135M,0.135,8.130333768495007
smollm2-135m,toolshed,archive,G,-18.717846519671955,-21.96798115669248,-14.551933661550292,13,6,-2.8884855803284157,0.0005,SmolLM2,SmolLM2-135M,0.135,8.130333768495007
smollm2-135m,toolshed,archive,copy,13.121032531444843,8.057448863983154,17.11966483294964,13,6,1.599559427141724,0.0005,SmolLM2,SmolLM2-135M,0.135,8.130333768495007
smollm2-135m,toolshed,archive,sem,5.596813988227111,4.629911673920495,6.820816245675087,13,6,2.192454136916888,0.0005,SmolLM2,SmolLM2-135M,0.135,8.130333768495007
smollm2-135m,toolshed,cancel_event,G,-18.219269445309273,-23.154422277212145,-15.004233588220982,13,7,-2.2697506633094955,0.0005,SmolLM2,SmolLM2-135M,0.135,8.130333768495007
smollm2-135m,toolshed,cancel_event,copy,17.271910227262058,14.293804365854998,21.924461739848958,13,7,2.221602056007193,0.0005,SmolLM2,SmolLM2-135M,0.135,8.130333768495007
smollm2-135m,toolshed,cancel_event,sem,0.9473592180472153,0.6376937287194389,1.2266215335311634,13,7,0.8947992442868044,0.0005,SmolLM2,SmolLM2-135M,0.135,8.130333768495007
smollm2-135m,toolshed,convert,G,-29.727302818000318,-34.59220241286925,-26.37215171918894,20,10,-2.8612581325484636,0.0005,SmolLM2,SmolLM2-135M,0.135,8.130333768495007
smollm2-135m,toolshed,convert,copy,29.060415364801884,25.887849642039452,33.456071414351456,20,10,3.0956066275455334,0.0005,SmolLM2,SmolLM2-135M,0.135,8.130333768495007
smollm2-135m,toolshed,convert,sem,0.6668874531984329,0.1475304270153323,1.2551010697714837,20,10,0.38526654907976354,0.008,SmolLM2,SmolLM2-135M,0.135,8.130333768495007
smollm2-135m,toolshed,email_file,G,-22.41316982394173,-25.283535235126813,-19.42117586436155,21,10,-3.186086611757352,0.0005,SmolLM2,SmolLM2-135M,0.135,8.130333768495007
smollm2-135m,toolshed,email_file,copy,19.701145106837863,17.072031299334036,22.615197130065265,21,10,3.063425700284,0.0005,SmolLM2,SmolLM2-135M,0.135,8.130333768495007
smollm2-135m,toolshed,email_file,sem,2.7120247171038674,1.4994498415439397,4.368092608036739,21,10,1.034212793472551,0.0005,SmolLM2,SmolLM2-135M,0.135,8.130333768495007
smollm2-135m,toolshed,roster,G,-31.519084724096153,-38.32807499087519,-27.491815371946856,13,6,-2.159979429594151,0.0005,SmolLM2,SmolLM2-135M,0.135,8.130333768495007
smollm2-135m,toolshed,roster,copy,31.485006236113033,27.22188686240803,38.57357999251944,13,6,2.0155043760213935,0.0005,SmolLM2,SmolLM2-135M,0.135,8.130333768495007
smollm2-135m,toolshed,roster,sem,0.03407848798311674,-0.25602039098739626,0.2613579355753385,13,6,0.03087136907074727,0.721,SmolLM2,SmolLM2-135M,0.135,8.130333768495007
smollm2-135m,toolshed,schedule,G,-21.847581008076666,-24.08351879048915,-19.60916123711749,20,9,-3.2999727317886918,0.0005,SmolLM2,SmolLM2-135M,0.135,8.130333768495007
smollm2-135m,toolshed,schedule,copy,18.489806532859802,15.83513483786512,20.96619777230563,20,9,2.598614985598708,0.0005,SmolLM2,SmolLM2-135M,0.135,8.130333768495007
smollm2-135m,toolshed,schedule,sem,3.3577744752168655,2.392245000064003,4.200634878011894,20,9,1.6341824389140305,0.0005,SmolLM2,SmolLM2-135M,0.135,8.130333768495007
smollm2-360m,coderepair,mbpp,G,-70.34886230876049,-79.27316146615892,-61.67253717174134,60,60,-2.0053315358000603,0.0005,SmolLM2,SmolLM2-360M,0.362,8.558708570533165
smollm2-360m,coderepair,mbpp,copy,71.0197001794974,62.08438777443022,80.24283405919869,60,60,1.968111449410803,0.0005,SmolLM2,SmolLM2-360M,0.362,8.558708570533165
smollm2-360m,coderepair,mbpp,sem,-0.6708378707369168,-1.160385214202106,-0.19937811707456932,60,60,-0.3450066377126359,0.006,SmolLM2,SmolLM2-360M,0.362,8.558708570533165
smollm2-360m,toolshed,archive,G,-15.874190419912338,-17.836194772611965,-13.969474778725552,13,6,-3.2252448136523157,0.0005,SmolLM2,SmolLM2-360M,0.362,8.558708570533165
smollm2-360m,toolshed,archive,copy,11.779412113703215,8.905375017039479,14.66248744726181,13,6,2.19621188457758,0.0005,SmolLM2,SmolLM2-360M,0.362,8.558708570533165
smollm2-360m,toolshed,archive,sem,4.094778306209124,2.8977290451526643,5.295729999358837,13,6,2.147554181542216,0.0005,SmolLM2,SmolLM2-360M,0.362,8.558708570533165
smollm2-360m,toolshed,cancel_event,G,-10.35673102736473,-14.377497049023708,-7.9652313361884595,13,7,-1.7282440405097133,0.0005,SmolLM2,SmolLM2-360M,0.362,8.558708570533165
smollm2-360m,toolshed,cancel_event,copy,8.740383120683523,5.955291558013243,12.955263162742959,13,7,1.2657170300867784,0.0005,SmolLM2,SmolLM2-360M,0.362,8.558708570533165
smollm2-360m,toolshed,cancel_event,sem,1.6163479066812074,1.0741371742807901,2.31780295889729,13,7,1.0870035344385736,0.0005,SmolLM2,SmolLM2-360M,0.362,8.558708570533165
smollm2-360m,toolshed,convert,G,-25.560781802237035,-31.95088052472898,-21.233910229838557,20,10,-1.999745490935359,0.0005,SmolLM2,SmolLM2-360M,0.362,8.558708570533165
smollm2-360m,toolshed,convert,copy,22.874082498252392,19.01333100906263,28.84359359939893,20,10,1.909107375612219,0.0005,SmolLM2,SmolLM2-360M,0.362,8.558708570533165
smollm2-360m,toolshed,convert,sem,2.686699303984642,2.050904194696082,3.3316618648302905,20,10,1.9546676987322034,0.0005,SmolLM2,SmolLM2-360M,0.362,8.558708570533165
smollm2-360m,toolshed,email_file,G,-19.90462613105774,-23.571885236650704,-16.162979527302088,21,10,-3.0511499532958943,0.0005,SmolLM2,SmolLM2-360M,0.362,8.558708570533165
smollm2-360m,toolshed,email_file,copy,15.54371964931488,11.016335574208814,19.17934548314661,21,10,2.2321581623566105,0.0005,SmolLM2,SmolLM2-360M,0.362,8.558708570533165
smollm2-360m,toolshed,email_file,sem,4.360906481742859,2.7427922488855465,6.623438918760371,21,10,0.9874901994330642,0.0005,SmolLM2,SmolLM2-360M,0.362,8.558708570533165
smollm2-360m,toolshed,roster,G,-27.629941280071552,-34.006817330013625,-24.025763824076538,13,6,-1.6920697302147738,0.0005,SmolLM2,SmolLM2-360M,0.362,8.558708570533165
smollm2-360m,toolshed,roster,copy,26.554577937492958,23.06550183152514,32.79561960697174,13,6,1.764298690679884,0.0005,SmolLM2,SmolLM2-360M,0.362,8.558708570533165
smollm2-360m,toolshed,roster,sem,1.0753633425785944,0.6905898014704387,1.4340928792953491,13,6,0.67409847467816,0.0005,SmolLM2,SmolLM2-360M,0.362,8.558708570533165
smollm2-360m,toolshed,schedule,G,-11.63206963688135,-13.000667874727618,-10.146300034546538,20,9,-2.472586664769798,0.0005,SmolLM2,SmolLM2-360M,0.362,8.558708570533165
smollm2-360m,toolshed,schedule,copy,10.623543572425842,8.755256773974585,12.36292311883108,20,9,1.9345633538406306,0.0005,SmolLM2,SmolLM2-360M,0.362,8.558708570533165
smollm2-360m,toolshed,schedule,sem,1.0085260644555092,0.4282984890482005,1.5009466448460547,20,9,0.7846634483753884,0.0005,SmolLM2,SmolLM2-360M,0.362,8.558708570533165
